row_number,plant_number,date,truss_number,brix,diameter,fruit_number,weight,total_sap,total_sap_mean,week_before_sap,week_before_sap_mean,week_after_sap,week_after_sap_mean
14,400,2019-03-20 00:00:00,2,,,14.0,288.0,32371.554000000004,674.4073750000001,6752.813999999999,844.1017499999999,7916.597,989.574625
15,401,2019-03-20 00:00:00,1,,36.0,12.0,238.0,32371.554000000004,674.4073750000001,6752.813999999999,844.1017499999999,7916.597,989.574625
15,401,2019-03-20 00:00:00,2,,,14.0,242.0,32371.554000000004,674.4073750000001,6752.813999999999,844.1017499999999,7916.597,989.574625
16,402,2019-03-20 00:00:00,1,8.6,34.0,13.0,227.0,32371.554000000004,674.4073750000001,6752.813999999999,844.1017499999999,7916.597,989.574625
16,402,2019-03-20 00:00:00,2,,,14.0,242.0,32371.554000000004,674.4073750000001,6752.813999999999,844.1017499999999,7916.597,989.574625
17,403,2019-03-20 00:00:00,1,,,12.0,220.0,32371.554000000004,674.4073750000001,6752.813999999999,844.1017499999999,7916.597,989.574625
17,403,2019-03-20 00:00:00,2,,,14.0,240.0,32371.554000000004,674.4073750000001,6752.813999999999,844.1017499999999,7916.597,989.574625
18,404,2019-03-20 00:00:00,1,9.1,35.0,13.0,232.0,32371.554000000004,674.4073750000001,6752.813999999999,844.1017499999999,7916.597,989.574625
18,404,2019-03-20 00:00:00,2,,,14.0,255.0,32371.554000000004,674.4073750000001,6752.813999999999,844.1017499999999,7916.597,989.574625
19,405,2019-03-20 00:00:00,1,,,13.0,247.0,32371.554000000004,674.4073750000001,6752.813999999999,844.1017499999999,7916.597,989.574625
19,405,2019-03-20 00:00:00,2,,,14.0,268.0,32371.554000000004,674.4073750000001,6752.813999999999,844.1017499999999,7916.597,989.574625
20,406,2019-03-20 00:00:00,1,,,13.0,238.0,32371.554000000004,674.4073750000001,6752.813999999999,844.1017499999999,7916.597,989.574625
20,406,2019-03-20 00:00:00,2,,,6.0,118.0,32371.554000000004,674.4073750000001,6752.813999999999,844.1017499999999,7916.597,989.574625
21,407,2019-03-20 00:00:00,1,8.8,33.0,12.0,179.0,32371.554000000004,674.4073750000001,6752.813999999999,844.1017499999999,7916.597,989.574625
21,407,2019-03-20 00:00:00,2,,,14.0,207.0,32371.554000000004,674.4073750000001,6752.813999999999,844.1017499999999,7916.597,989.574625
22,408,2019-03-20 00:00:00,1,,,6.0,112.0,32371.554000000004,674.4073750000001,6752.813999999999,844.1017499999999,7916.597,989.574625
22,408,2019-03-20 00:00:00,2,,,8.0,153.0,32371.554000000004,674.4073750000001,6752.813999999999,844.1017499999999,7916.597,989.574625
23,409,2019-03-20 00:00:00,1,8.8,34.0,12.0,225.0,32371.554000000004,674.4073750000001,6752.813999999999,844.1017499999999,7916.597,989.574625
23,409,2019-03-20 00:00:00,2,,,14.0,240.0,32371.554000000004,674.4073750000001,6752.813999999999,844.1017499999999,7916.597,989.574625
24,410,2019-03-20 00:00:00,1,,,14.0,342.0,32371.554000000004,674.4073750000001,6752.813999999999,844.1017499999999,7916.597,989.574625
24,410,2019-03-20 00:00:00,2,,,13.0,263.0,32371.554000000004,674.4073750000001,6752.813999999999,844.1017499999999,7916.597,989.574625
25,411,2019-03-20 00:00:00,1,,,14.0,254.0,32371.554000000004,674.4073750000001,6752.813999999999,844.1017499999999,7916.597,989.574625
25,411,2019-03-20 00:00:00,2,,,14.0,224.0,32371.554000000004,674.4073750000001,6752.813999999999,844.1017499999999,7916.597,989.574625
38,600,2019-03-20 00:00:00,1,8.1,51.0,9.0,467.0,25970.475999999988,541.051583333333,4000.1260000000007,500.0157500000001,4174.255,521.781875
38,600,2019-03-20 00:00:00,2,,,7.0,338.0,25970.475999999988,541.051583333333,4000.1260000000007,500.0157500000001,4174.255,521.781875
39,601,2019-03-20 00:00:00,1,,,4.0,219.0,25970.475999999988,541.051583333333,4000.1260000000007,500.0157500000001,4174.255,521.781875
39,601,2019-03-20 00:00:00,2,,,7.0,358.0,25970.475999999988,541.051583333333,4000.1260000000007,500.0157500000001,4174.255,521.781875
40,602,2019-03-20 00:00:00,1,8.5,60.0,8.0,407.0,25970.475999999988,541.051583333333,4000.1260000000007,500.0157500000001,4174.255,521.781875
40,602,2019-03-20 00:00:00,2,,,8.0,323.0,25970.475999999988,541.051583333333,4000.1260000000007,500.0157500000001,4174.255,521.781875
41,603,2019-03-20 00:00:00,1,,,8.0,403.0,25970.475999999988,541.051583333333,4000.1260000000007,500.0157500000001,4174.255,521.781875
41,603,2019-03-20 00:00:00,2,,,5.0,188.0,25970.475999999988,541.051583333333,4000.1260000000007,500.0157500000001,4174.255,521.781875
42,604,2019-03-20 00:00:00,1,,,8.0,395.0,25970.475999999988,541.051583333333,4000.1260000000007,500.0157500000001,4174.255,521.781875
43,605,2019-03-20 00:00:00,1,,,8.0,369.0,25970.475999999988,541.051583333333,4000.1260000000007,500.0157500000001,4174.255,521.781875
44,606,2019-03-20 00:00:00,1,8.3,53.0,8.0,462.0,27684.907999999996,601.8458260869564,5716.535,714.566875,6946.307,868.288375
44,606,2019-03-20 00:00:00,2,,,8.0,378.0,27684.907999999996,601.8458260869564,5716.535,714.566875,6946.307,868.288375
45,607,2019-03-20 00:00:00,1,,,8.0,423.0,27684.907999999996,601.8458260869564,5716.535,714.566875,6946.307,868.288375
45,607,2019-03-20 00:00:00,2,,,9.0,403.0,27684.907999999996,601.8458260869564,5716.535,714.566875,6946.307,868.288375
46,608,2019-03-20 00:00:00,1,,,2.0,161.0,27684.907999999996,601.8458260869564,5716.535,714.566875,6946.307,868.288375
46,608,2019-03-20 00:00:00,2,,,7.0,335.0,27684.907999999996,601.8458260869564,5716.535,714.566875,6946.307,868.288375
47,609,2019-03-20 00:00:00,1,7.5,61.0,8.0,473.0,27684.907999999996,601.8458260869564,5716.535,714.566875,6946.307,868.288375
47,609,2019-03-20 00:00:00,2,,,7.0,412.0,27684.907999999996,601.8458260869564,5716.535,714.566875,6946.307,868.288375
48,610,2019-03-20 00:00:00,1,,,8.0,463.0,27684.907999999996,601.8458260869564,5716.535,714.566875,6946.307,868.288375
48,610,2019-03-20 00:00:00,2,,,8.0,447.0,27684.907999999996,601.8458260869564,5716.535,714.566875,6946.307,868.288375
49,611,2019-03-20 00:00:00,1,8.3,52.0,8.0,387.0,27684.907999999996,601.8458260869564,5716.535,714.566875,6946.307,868.288375
50,300,2019-03-27 00:00:00,2,,,8.0,357.0,33737.233,613.4042363636364,6738.858,842.35725,7249.419000000001,906.1773750000001
54,304,2019-03-27 00:00:00,1,3.9,75.0,5.0,781.0,33737.233,613.4042363636364,6738.858,842.35725,7249.419000000001,906.1773750000001
56,306,2019-03-27 00:00:00,1,3.3,64.0,6.0,1008.0,28807.247999999992,523.7681454545453,5004.158,625.51975,4881.173,610.146625
57,307,2019-03-27 00:00:00,1,3.4,75.0,6.0,715.0,28807.247999999992,523.7681454545453,5004.158,625.51975,4881.173,610.146625
58,308,2019-03-27 00:00:00,1,3.4,72.0,6.0,908.0,28807.247999999992,523.7681454545453,5004.158,625.51975,4881.173,610.146625
61,311,2019-03-27 00:00:00,1,3.5,75.0,6.0,945.0,28807.247999999992,523.7681454545453,5004.158,625.51975,4881.173,610.146625
62,400,2019-03-27 00:00:00,3,6.8,32.0,14.0,267.0,39442.388000000006,717.1343272727274,7916.597,989.574625,9111.3,1138.9125
63,401,2019-03-27 00:00:00,3,,,14.0,266.0,39442.388000000006,717.1343272727274,7916.597,989.574625,9111.3,1138.9125
64,402,2019-03-27 00:00:00,3,6.8,34.0,12.0,204.0,39442.388000000006,717.1343272727274,7916.597,989.574625,9111.3,1138.9125
65,403,2019-03-27 00:00:00,3,,,14.0,257.0,39442.388000000006,717.1343272727274,7916.597,989.574625,9111.3,1138.9125
66,404,2019-03-27 00:00:00,3,,,14.0,234.0,39442.388000000006,717.1343272727274,7916.597,989.574625,9111.3,1138.9125
67,405,2019-03-27 00:00:00,3,6.9,34.0,14.0,285.0,39442.388000000006,717.1343272727274,7916.597,989.574625,9111.3,1138.9125
68,406,2019-03-27 00:00:00,3,,,10.0,212.0,39442.388000000006,717.1343272727274,7916.597,989.574625,9111.3,1138.9125
69,407,2019-03-27 00:00:00,3,6.6,32.0,13.0,248.0,39442.388000000006,717.1343272727274,7916.597,989.574625,9111.3,1138.9125
70,408,2019-03-27 00:00:00,3,,,12.0,259.0,39442.388000000006,717.1343272727274,7916.597,989.574625,9111.3,1138.9125
71,409,2019-03-27 00:00:00,3,,,14.0,240.0,39442.388000000006,717.1343272727274,7916.597,989.574625,9111.3,1138.9125
72,410,2019-03-27 00:00:00,3,6.9,34.0,12.0,250.0,39442.388000000006,717.1343272727274,7916.597,989.574625,9111.3,1138.9125
73,411,2019-03-27 00:00:00,3,6.9,34.0,13.0,220.0,39442.388000000006,717.1343272727274,7916.597,989.574625,9111.3,1138.9125
74,500,2019-03-27 00:00:00,1,4.2,62.0,6.0,654.0,47048.85100000001,855.4336545454547,8528.037999999999,1066.0047499999998,8952.873,1119.109125
80,506,2019-03-27 00:00:00,1,4.3,60.0,6.0,692.0,47048.85100000001,855.4336545454547,8528.037999999999,1066.0047499999998,8952.873,1119.109125
86,600,2019-03-27 00:00:00,3,6.2,46.0,8.0,366.0,29652.51199999999,539.1365818181816,4174.255,521.781875,5547.420999999999,693.4276249999999
88,602,2019-03-27 00:00:00,3,5.8,45.0,8.0,293.0,29652.51199999999,539.1365818181816,4174.255,521.781875,5547.420999999999,693.4276249999999
89,603,2019-03-27 00:00:00,3,,,6.0,308.0,29652.51199999999,539.1365818181816,4174.255,521.781875,5547.420999999999,693.4276249999999
90,604,2019-03-27 00:00:00,2,,,7.0,302.0,29652.51199999999,539.1365818181816,4174.255,521.781875,5547.420999999999,693.4276249999999
90,604,2019-03-27 00:00:00,3,,,8.0,332.0,29652.51199999999,539.1365818181816,4174.255,521.781875,5547.420999999999,693.4276249999999
91,605,2019-03-27 00:00:00,2,5.8,48.0,8.0,386.0,29652.51199999999,539.1365818181816,4174.255,521.781875,5547.420999999999,693.4276249999999
92,606,2019-03-27 00:00:00,3,,,8.0,329.0,33872.49199999999,639.1036226415092,6946.307,868.288375,7242.039,905.254875
93,607,2019-03-27 00:00:00,3,,,8.0,289.0,33872.49199999999,639.1036226415092,6946.307,868.288375,7242.039,905.254875
94,608,2019-03-27 00:00:00,3,,,7.0,320.0,33872.49199999999,639.1036226415092,6946.307,868.288375,7242.039,905.254875
95,609,2019-03-27 00:00:00,3,5.5,50.0,7.0,353.0,33872.49199999999,639.1036226415092,6946.307,868.288375,7242.039,905.254875
96,610,2019-03-27 00:00:00,3,,,8.0,415.0,33872.49199999999,639.1036226415092,6946.307,868.288375,7242.039,905.254875
97,611,2019-03-27 00:00:00,3,6.1,45.0,8.0,308.0,33872.49199999999,639.1036226415092,6946.307,868.288375,7242.039,905.254875
98,300,2019-04-03 00:00:00,1,4.8,69.0,6.0,853.0,40133.021,647.3067903225807,7249.419000000001,906.1773750000001,10776.41,1347.05125
99,301,2019-04-03 00:00:00,1,,,6.0,809.0,40133.021,647.3067903225807,7249.419000000001,906.1773750000001,10776.41,1347.05125
100,302,2019-04-03 00:00:00,1,3.7,70.0,6.0,745.0,40133.021,647.3067903225807,7249.419000000001,906.1773750000001,10776.41,1347.05125
101,303,2019-04-03 00:00:00,1,,,6.0,906.0,40133.021,647.3067903225807,7249.419000000001,906.1773750000001,10776.41,1347.05125
103,305,2019-04-03 00:00:00,1,4.1,93.0,6.0,1234.0,40133.021,647.3067903225807,7249.419000000001,906.1773750000001,10776.41,1347.05125
104,306,2019-04-03 00:00:00,1,,,4.0,801.0,33076.929,533.4988548387096,4881.173,610.146625,5632.133,704.016625
105,307,2019-04-03 00:00:00,1,4.0,62.0,6.0,658.0,33076.929,533.4988548387096,4881.173,610.146625,5632.133,704.016625
107,309,2019-04-03 00:00:00,1,,,6.0,742.0,33076.929,533.4988548387096,4881.173,610.146625,5632.133,704.016625
108,310,2019-04-03 00:00:00,1,3.7,75.0,6.0,918.0,33076.929,533.4988548387096,4881.173,610.146625,5632.133,704.016625
110,400,2019-04-03 00:00:00,4,7.7,36.0,14.0,270.0,47466.708000000006,765.5920645161291,9111.3,1138.9125,10241.904999999999,1280.2381249999999
110,400,2019-04-03 00:00:00,5,,,12.0,224.0,47466.708000000006,765.5920645161291,9111.3,1138.9125,10241.904999999999,1280.2381249999999
111,401,2019-04-03 00:00:00,4,6.9,33.0,14.0,253.0,47466.708000000006,765.5920645161291,9111.3,1138.9125,10241.904999999999,1280.2381249999999
112,402,2019-04-03 00:00:00,4,,,14.0,229.0,47466.708000000006,765.5920645161291,9111.3,1138.9125,10241.904999999999,1280.2381249999999
112,402,2019-04-03 00:00:00,5,,,9.0,177.0,47466.708000000006,765.5920645161291,9111.3,1138.9125,10241.904999999999,1280.2381249999999
113,403,2019-04-03 00:00:00,4,7.8,30.0,12.0,248.0,47466.708000000006,765.5920645161291,9111.3,1138.9125,10241.904999999999,1280.2381249999999
113,403,2019-04-03 00:00:00,5,,,11.0,225.0,47466.708000000006,765.5920645161291,9111.3,1138.9125,10241.904999999999,1280.2381249999999
114,404,2019-04-03 00:00:00,4,,,14.0,243.0,47466.708000000006,765.5920645161291,9111.3,1138.9125,10241.904999999999,1280.2381249999999
114,404,2019-04-03 00:00:00,5,,,10.0,237.0,47466.708000000006,765.5920645161291,9111.3,1138.9125,10241.904999999999,1280.2381249999999
115,405,2019-04-03 00:00:00,3,,,14.0,294.0,47466.708000000006,765.5920645161291,9111.3,1138.9125,10241.904999999999,1280.2381249999999
116,406,2019-04-03 00:00:00,4,6.8,32.8,14.0,259.0,47466.708000000006,765.5920645161291,9111.3,1138.9125,10241.904999999999,1280.2381249999999
117,407,2019-04-03 00:00:00,4,,,13.0,258.0,47466.708000000006,765.5920645161291,9111.3,1138.9125,10241.904999999999,1280.2381249999999
118,408,2019-04-03 00:00:00,4,,,13.0,236.0,47466.708000000006,765.5920645161291,9111.3,1138.9125,10241.904999999999,1280.2381249999999
119,409,2019-04-03 00:00:00,4,,,14.0,230.0,47466.708000000006,765.5920645161291,9111.3,1138.9125,10241.904999999999,1280.2381249999999
119,409,2019-04-03 00:00:00,5,,,12.0,225.0,47466.708000000006,765.5920645161291,9111.3,1138.9125,10241.904999999999,1280.2381249999999
120,410,2019-04-03 00:00:00,4,7.6,33.6,12.0,256.0,47466.708000000006,765.5920645161291,9111.3,1138.9125,10241.904999999999,1280.2381249999999
121,411,2019-04-03 00:00:00,4,,,14.0,241.0,47466.708000000006,765.5920645161291,9111.3,1138.9125,10241.904999999999,1280.2381249999999
121,411,2019-04-03 00:00:00,5,,,13.0,225.0,47466.708000000006,765.5920645161291,9111.3,1138.9125,10241.904999999999,1280.2381249999999
123,501,2019-04-03 00:00:00,1,4.7,60.0,6.0,711.0,54895.674000000006,885.4140967741937,8952.873,1119.109125,9735.666,1216.95825
124,502,2019-04-03 00:00:00,1,,,5.0,683.0,54895.674000000006,885.4140967741937,8952.873,1119.109125,9735.666,1216.95825
125,503,2019-04-03 00:00:00,1,,,6.0,735.0,54895.674000000006,885.4140967741937,8952.873,1119.109125,9735.666,1216.95825
126,504,2019-04-03 00:00:00,1,,,6.0,616.0,54895.674000000006,885.4140967741937,8952.873,1119.109125,9735.666,1216.95825
127,505,2019-04-03 00:00:00,1,,,6.0,687.0,54895.674000000006,885.4140967741937,8952.873,1119.109125,9735.666,1216.95825
128,506,2019-04-03 00:00:00,2,5.6,58.0,6.0,586.0,54895.674000000006,885.4140967741937,8952.873,1119.109125,9735.666,1216.95825
129,507,2019-04-03 00:00:00,1,,,6.0,706.0,54895.674000000006,885.4140967741937,8952.873,1119.109125,9735.666,1216.95825
130,508,2019-04-03 00:00:00,1,4.7,61.0,6.0,747.0,54895.674000000006,885.4140967741937,8952.873,1119.109125,9735.666,1216.95825
131,509,2019-04-03 00:00:00,1,4.6,56.0,6.0,639.0,54895.674000000006,885.4140967741937,8952.873,1119.109125,9735.666,1216.95825
132,510,2019-04-03 00:00:00,1,,,6.0,719.0,54895.674000000006,885.4140967741937,8952.873,1119.109125,9735.666,1216.95825
133,511,2019-04-03 00:00:00,1,4.7,57.0,7.0,727.0,54895.674000000006,885.4140967741937,8952.873,1119.109125,9735.666,1216.95825
133,511,2019-04-03 00:00:00,2,,,5.0,546.0,54895.674000000006,885.4140967741937,8952.873,1119.109125,9735.666,1216.95825
134,600,2019-04-03 00:00:00,4,6.0,49.0,8.0,374.0,34627.128,558.5020645161289,5547.420999999999,693.4276249999999,21149.43,2643.67875
135,601,2019-04-03 00:00:00,3,,,10.0,404.0,34627.128,558.5020645161289,5547.420999999999,693.4276249999999,21149.43,2643.67875
135,601,2019-04-03 00:00:00,4,,,7.0,321.0,34627.128,558.5020645161289,5547.420999999999,693.4276249999999,21149.43,2643.67875
136,602,2019-04-03 00:00:00,4,6.9,45.0,8.0,349.0,34627.128,558.5020645161289,5547.420999999999,693.4276249999999,21149.43,2643.67875
137,603,2019-04-03 00:00:00,4,,,7.0,369.0,34627.128,558.5020645161289,5547.420999999999,693.4276249999999,21149.43,2643.67875
138,604,2019-04-03 00:00:00,4,,,8.0,341.0,34627.128,558.5020645161289,5547.420999999999,693.4276249999999,21149.43,2643.67875
139,605,2019-04-03 00:00:00,3,,,8.0,319.0,34627.128,558.5020645161289,5547.420999999999,693.4276249999999,21149.43,2643.67875
139,605,2019-04-03 00:00:00,4,,,7.0,365.0,34627.128,558.5020645161289,5547.420999999999,693.4276249999999,21149.43,2643.67875
140,606,2019-04-03 00:00:00,4,6.7,44.0,6.0,248.0,40207.498999999996,670.1249833333333,7242.039,905.254875,7913.8989999999985,989.2373749999998
141,607,2019-04-03 00:00:00,4,,,8.0,354.0,40207.498999999996,670.1249833333333,7242.039,905.254875,7913.8989999999985,989.2373749999998
142,608,2019-04-03 00:00:00,4,5.9,48.0,7.0,345.0,40207.498999999996,670.1249833333333,7242.039,905.254875,7913.8989999999985,989.2373749999998
143,609,2019-04-03 00:00:00,4,,,8.0,350.0,40207.498999999996,670.1249833333333,7242.039,905.254875,7913.8989999999985,989.2373749999998
144,610,2019-04-03 00:00:00,4,6.2,50.0,8.0,407.0,40207.498999999996,670.1249833333333,7242.039,905.254875,7913.8989999999985,989.2373749999998
145,611,2019-04-03 00:00:00,4,,,6.0,253.0,40207.498999999996,670.1249833333333,7242.039,905.254875,7913.8989999999985,989.2373749999998
146,300,2019-04-10 00:00:00,2,3.7,63.0,6.0,659.0,49746.961,720.9704492753624,10776.41,1347.05125,8850.448,1106.306
147,301,2019-04-10 00:00:00,2,,,6.0,749.0,49746.961,720.9704492753624,10776.41,1347.05125,8850.448,1106.306
148,302,2019-04-10 00:00:00,2,,,6.0,738.0,49746.961,720.9704492753624,10776.41,1347.05125,8850.448,1106.306
149,303,2019-04-10 00:00:00,2,,,6.0,917.0,49746.961,720.9704492753624,10776.41,1347.05125,8850.448,1106.306
150,304,2019-04-10 00:00:00,2,4.0,67.0,6.0,882.0,49746.961,720.9704492753624,10776.41,1347.05125,8850.448,1106.306
151,305,2019-04-10 00:00:00,2,,,6.0,832.0,49746.961,720.9704492753624,10776.41,1347.05125,8850.448,1106.306
152,306,2019-04-10 00:00:00,2,4.1,59.0,6.0,683.0,38013.885,550.9258695652175,5632.133,704.016625,4827.608,603.451
153,307,2019-04-10 00:00:00,2,3.6,53.0,5.0,514.0,38013.885,550.9258695652175,5632.133,704.016625,4827.608,603.451
154,308,2019-04-10 00:00:00,2,4.1,68.0,6.0,875.0,38013.885,550.9258695652175,5632.133,704.016625,4827.608,603.451
163,405,2019-04-10 00:00:00,4,8.1,35.0,14.0,352.0,56432.583000000006,817.8635217391305,10241.904999999999,1280.2381249999999,9010.463,1126.307875
164,406,2019-04-10 00:00:00,5,7.2,,14.0,282.0,56432.583000000006,817.8635217391305,10241.904999999999,1280.2381249999999,9010.463,1126.307875
165,407,2019-04-10 00:00:00,5,,,14.0,499.0,56432.583000000006,817.8635217391305,10241.904999999999,1280.2381249999999,9010.463,1126.307875
166,408,2019-04-10 00:00:00,5,8.2,,13.0,305.0,56432.583000000006,817.8635217391305,10241.904999999999,1280.2381249999999,9010.463,1126.307875
167,409,2019-04-10 00:00:00,5,8.0,,13.0,231.0,56432.583000000006,817.8635217391305,10241.904999999999,1280.2381249999999,9010.463,1126.307875
168,410,2019-04-10 00:00:00,6,7.7,,12.0,260.0,56432.583000000006,817.8635217391305,10241.904999999999,1280.2381249999999,9010.463,1126.307875
170,500,2019-04-10 00:00:00,2,4.6,60.0,6.0,664.0,63417.490000000005,919.0940579710145,9735.666,1216.95825,8687.108,1085.8885
172,502,2019-04-10 00:00:00,2,4.5,61.0,4.0,538.0,63417.490000000005,919.0940579710145,9735.666,1216.95825,8687.108,1085.8885
173,503,2019-04-10 00:00:00,2,,,6.0,708.0,63417.490000000005,919.0940579710145,9735.666,1216.95825,8687.108,1085.8885
174,504,2019-04-10 00:00:00,2,,,6.0,623.0,63417.490000000005,919.0940579710145,9735.666,1216.95825,8687.108,1085.8885
175,505,2019-04-10 00:00:00,2,4.5,57.0,6.0,674.0,63417.490000000005,919.0940579710145,9735.666,1216.95825,8687.108,1085.8885
177,507,2019-04-10 00:00:00,2,4.4,60.0,6.0,742.0,63417.490000000005,919.0940579710145,9735.666,1216.95825,8687.108,1085.8885
178,508,2019-04-10 00:00:00,2,4.5,57.0,6.0,773.0,63417.490000000005,919.0940579710145,9735.666,1216.95825,8687.108,1085.8885
189,607,2019-04-10 00:00:00,5,6.1,,8.0,323.0,47140.45899999999,703.5889402985073,7913.8989999999985,989.2373749999998,7089.2880000000005,886.1610000000001
195,301,2019-04-18 00:00:00,3,,,6.0,786.0,58968.279,765.8218051948053,9221.318,1152.66475,12615.017999999998,1576.8772499999998
197,303,2019-04-18 00:00:00,3,4.0,66.0,6.0,853.0,58968.279,765.8218051948053,9221.318,1152.66475,12615.017999999998,1576.8772499999998
198,304,2019-04-18 00:00:00,3,3.9,68.0,6.0,905.0,58968.279,765.8218051948053,9221.318,1152.66475,12615.017999999998,1576.8772499999998
200,306,2019-04-18 00:00:00,3,6.8,71.0,6.0,926.0,42970.986000000004,558.0647532467533,4957.101,619.637625,7090.332,886.2915
200,306,2019-04-18 00:00:00,4,,,6.0,655.0,42970.986000000004,558.0647532467533,4957.101,619.637625,7090.332,886.2915
201,307,2019-04-18 00:00:00,3,,,6.0,781.0,42970.986000000004,558.0647532467533,4957.101,619.637625,7090.332,886.2915
202,308,2019-04-18 00:00:00,3,5.4,63.0,6.0,687.0,42970.986000000004,558.0647532467533,4957.101,619.637625,7090.332,886.2915
203,309,2019-04-18 00:00:00,2,5.4,68.0,6.0,879.0,42970.986000000004,558.0647532467533,4957.101,619.637625,7090.332,886.2915
203,309,2019-04-18 00:00:00,3,,,6.0,618.0,42970.986000000004,558.0647532467533,4957.101,619.637625,7090.332,886.2915
204,310,2019-04-18 00:00:00,3,,,4.0,532.0,42970.986000000004,558.0647532467533,4957.101,619.637625,7090.332,886.2915
205,311,2019-04-18 00:00:00,3,,,6.0,905.0,42970.986000000004,558.0647532467533,4957.101,619.637625,7090.332,886.2915
206,400,2019-04-18 00:00:00,6,,,14.0,286.0,66203.226,859.7821558441558,9770.643,1221.330375,15150.547,1893.818375
206,400,2019-04-18 00:00:00,7,,,14.0,212.0,66203.226,859.7821558441558,9770.643,1221.330375,15150.547,1893.818375
207,401,2019-04-18 00:00:00,5,,,13.0,215.0,66203.226,859.7821558441558,9770.643,1221.330375,15150.547,1893.818375
207,401,2019-04-18 00:00:00,6,,,13.0,242.0,66203.226,859.7821558441558,9770.643,1221.330375,15150.547,1893.818375
207,401,2019-04-18 00:00:00,7,,,12.0,179.0,66203.226,859.7821558441558,9770.643,1221.330375,15150.547,1893.818375
208,402,2019-04-18 00:00:00,6,10.2,,12.0,185.0,66203.226,859.7821558441558,9770.643,1221.330375,15150.547,1893.818375
209,403,2019-04-18 00:00:00,6,9.3,,13.0,222.0,66203.226,859.7821558441558,9770.643,1221.330375,15150.547,1893.818375
209,403,2019-04-18 00:00:00,7,,,12.0,206.0,66203.226,859.7821558441558,9770.643,1221.330375,15150.547,1893.818375
210,404,2019-04-18 00:00:00,6,,,13.0,214.0,66203.226,859.7821558441558,9770.643,1221.330375,15150.547,1893.818375
210,404,2019-04-18 00:00:00,7,,,11.0,197.0,66203.226,859.7821558441558,9770.643,1221.330375,15150.547,1893.818375
211,405,2019-04-18 00:00:00,5,,,13.0,266.0,66203.226,859.7821558441558,9770.643,1221.330375,15150.547,1893.818375
211,405,2019-04-18 00:00:00,6,,,11.0,238.0,66203.226,859.7821558441558,9770.643,1221.330375,15150.547,1893.818375
212,406,2019-04-18 00:00:00,6,9.2,,13.0,223.0,66203.226,859.7821558441558,9770.643,1221.330375,15150.547,1893.818375
212,406,2019-04-18 00:00:00,7,,,11.0,210.0,66203.226,859.7821558441558,9770.643,1221.330375,15150.547,1893.818375
213,407,2019-04-18 00:00:00,6,,,14.0,243.0,66203.226,859.7821558441558,9770.643,1221.330375,15150.547,1893.818375
213,407,2019-04-18 00:00:00,7,,,13.0,273.0,66203.226,859.7821558441558,9770.643,1221.330375,15150.547,1893.818375
214,408,2019-04-18 00:00:00,6,,,13.0,236.0,66203.226,859.7821558441558,9770.643,1221.330375,15150.547,1893.818375
214,408,2019-04-18 00:00:00,7,,,11.0,234.0,66203.226,859.7821558441558,9770.643,1221.330375,15150.547,1893.818375
215,409,2019-04-18 00:00:00,6,10.1,,12.0,209.0,66203.226,859.7821558441558,9770.643,1221.330375,15150.547,1893.818375
215,409,2019-04-18 00:00:00,7,,,13.0,229.0,66203.226,859.7821558441558,9770.643,1221.330375,15150.547,1893.818375
215,409,2019-04-18 00:00:00,8,,,10.0,209.0,66203.226,859.7821558441558,9770.643,1221.330375,15150.547,1893.818375
216,410,2019-04-18 00:00:00,6,11.5,,13.0,225.0,66203.226,859.7821558441558,9770.643,1221.330375,15150.547,1893.818375
216,410,2019-04-18 00:00:00,7,,,12.0,208.0,66203.226,859.7821558441558,9770.643,1221.330375,15150.547,1893.818375
217,411,2019-04-18 00:00:00,7,,,14.0,223.0,66203.226,859.7821558441558,9770.643,1221.330375,15150.547,1893.818375
218,500,2019-04-18 00:00:00,3,4.6,55.0,6.0,603.0,72595.74800000002,942.8019220779223,9178.258000000002,1147.2822500000002,12289.480999999998,1536.1851249999997
219,501,2019-04-18 00:00:00,3,,,6.0,699.0,72595.74800000002,942.8019220779223,9178.258000000002,1147.2822500000002,12289.480999999998,1536.1851249999997
221,503,2019-04-18 00:00:00,3,4.5,58.0,5.0,525.0,72595.74800000002,942.8019220779223,9178.258000000002,1147.2822500000002,12289.480999999998,1536.1851249999997
222,504,2019-04-18 00:00:00,3,,,7.0,662.0,72595.74800000002,942.8019220779223,9178.258000000002,1147.2822500000002,12289.480999999998,1536.1851249999997
223,505,2019-04-18 00:00:00,3,4.6,60.0,7.0,788.0,72595.74800000002,942.8019220779223,9178.258000000002,1147.2822500000002,12289.480999999998,1536.1851249999997
224,506,2019-04-18 00:00:00,3,,,6.0,543.0,72595.74800000002,942.8019220779223,9178.258000000002,1147.2822500000002,12289.480999999998,1536.1851249999997
225,507,2019-04-18 00:00:00,3,4.6,61.0,6.0,694.0,72595.74800000002,942.8019220779223,9178.258000000002,1147.2822500000002,12289.480999999998,1536.1851249999997
226,508,2019-04-18 00:00:00,3,,,6.0,676.0,72595.74800000002,942.8019220779223,9178.258000000002,1147.2822500000002,12289.480999999998,1536.1851249999997
227,509,2019-04-18 00:00:00,2,,,8.0,1008.0,72595.74800000002,942.8019220779223,9178.258000000002,1147.2822500000002,12289.480999999998,1536.1851249999997
227,509,2019-04-18 00:00:00,3,,,4.0,396.0,72595.74800000002,942.8019220779223,9178.258000000002,1147.2822500000002,12289.480999999998,1536.1851249999997
228,510,2019-04-18 00:00:00,2,5.1,61.0,6.0,686.0,72595.74800000002,942.8019220779223,9178.258000000002,1147.2822500000002,12289.480999999998,1536.1851249999997
229,511,2019-04-18 00:00:00,3,,,6.0,583.0,72595.74800000002,942.8019220779223,9178.258000000002,1147.2822500000002,12289.480999999998,1536.1851249999997
230,600,2019-04-18 00:00:00,5,,,8.0,396.0,67666.298,878.7830909090909,12924.53,1615.56625,16080.970000000001,2010.1212500000001
230,600,2019-04-18 00:00:00,6,,,7.0,323.0,67666.298,878.7830909090909,12924.53,1615.56625,16080.970000000001,2010.1212500000001
231,601,2019-04-18 00:00:00,5,7.1,,8.0,370.0,67666.298,878.7830909090909,12924.53,1615.56625,16080.970000000001,2010.1212500000001
232,602,2019-04-18 00:00:00,5,,,8.0,362.0,67666.298,878.7830909090909,12924.53,1615.56625,16080.970000000001,2010.1212500000001
232,602,2019-04-18 00:00:00,6,,,8.0,306.0,67666.298,878.7830909090909,12924.53,1615.56625,16080.970000000001,2010.1212500000001
233,603,2019-04-18 00:00:00,5,7.2,,8.0,417.0,67666.298,878.7830909090909,12924.53,1615.56625,16080.970000000001,2010.1212500000001
233,603,2019-04-18 00:00:00,6,,,6.0,289.0,67666.298,878.7830909090909,12924.53,1615.56625,16080.970000000001,2010.1212500000001
234,604,2019-04-18 00:00:00,5,,,8.0,356.0,67666.298,878.7830909090909,12924.53,1615.56625,16080.970000000001,2010.1212500000001
234,604,2019-04-18 00:00:00,6,,,8.0,368.0,67666.298,878.7830909090909,12924.53,1615.56625,16080.970000000001,2010.1212500000001
235,605,2019-04-18 00:00:00,5,6.8,,8.0,433.0,67666.298,878.7830909090909,12924.53,1615.56625,16080.970000000001,2010.1212500000001
236,606,2019-04-18 00:00:00,5,,,8.0,339.0,54323.18699999998,724.3091599999998,7182.727999999999,897.8409999999999,9385.771,1173.221375
236,606,2019-04-18 00:00:00,6,,,7.0,298.0,54323.18699999998,724.3091599999998,7182.727999999999,897.8409999999999,9385.771,1173.221375
237,607,2019-04-18 00:00:00,6,,,8.0,331.0,54323.18699999998,724.3091599999998,7182.727999999999,897.8409999999999,9385.771,1173.221375
238,608,2019-04-18 00:00:00,5,,,8.0,310.0,54323.18699999998,724.3091599999998,7182.727999999999,897.8409999999999,9385.771,1173.221375
238,608,2019-04-18 00:00:00,6,,,6.0,259.0,54323.18699999998,724.3091599999998,7182.727999999999,897.8409999999999,9385.771,1173.221375
239,609,2019-04-18 00:00:00,5,7.3,,8.0,382.0,54323.18699999998,724.3091599999998,7182.727999999999,897.8409999999999,9385.771,1173.221375
239,609,2019-04-18 00:00:00,6,,,6.0,315.0,54323.18699999998,724.3091599999998,7182.727999999999,897.8409999999999,9385.771,1173.221375
240,610,2019-04-18 00:00:00,5,7.5,,8.0,436.0,54323.18699999998,724.3091599999998,7182.727999999999,897.8409999999999,9385.771,1173.221375
240,610,2019-04-18 00:00:00,6,,,8.0,311.0,54323.18699999998,724.3091599999998,7182.727999999999,897.8409999999999,9385.771,1173.221375
241,611,2019-04-18 00:00:00,5,,,8.0,316.0,54323.18699999998,724.3091599999998,7182.727999999999,897.8409999999999,9385.771,1173.221375
242,300,2019-04-25 00:00:00,3,8.2,60.0,5.0,399.0,69739.38700000002,830.2307976190478,12615.017999999998,1576.8772499999998,7166.2570000000005,1194.3761666666667
243,301,2019-04-25 00:00:00,4,4.0,61.0,6.0,325.0,69739.38700000002,830.2307976190478,12615.017999999998,1576.8772499999998,7166.2570000000005,1194.3761666666667
244,302,2019-04-25 00:00:00,3,,,6.0,394.0,69739.38700000002,830.2307976190478,12615.017999999998,1576.8772499999998,7166.2570000000005,1194.3761666666667
244,302,2019-04-25 00:00:00,4,,,6.0,222.0,69739.38700000002,830.2307976190478,12615.017999999998,1576.8772499999998,7166.2570000000005,1194.3761666666667
245,303,2019-04-25 00:00:00,4,,,2.0,95.0,69739.38700000002,830.2307976190478,12615.017999999998,1576.8772499999998,7166.2570000000005,1194.3761666666667
246,304,2019-04-25 00:00:00,5,,,2.0,75.0,69739.38700000002,830.2307976190478,12615.017999999998,1576.8772499999998,7166.2570000000005,1194.3761666666667
247,305,2019-04-25 00:00:00,3,4.2,60.0,5.0,290.0,69739.38700000002,830.2307976190478,12615.017999999998,1576.8772499999998,7166.2570000000005,1194.3761666666667
249,307,2019-04-25 00:00:00,4,4.0,62.0,6.0,320.0,49105.66500000001,584.5912500000001,7090.332,886.2915,4181.244000000001,696.8740000000001
250,308,2019-04-25 00:00:00,4,3.9,64.0,5.0,275.0,49105.66500000001,584.5912500000001,7090.332,886.2915,4181.244000000001,696.8740000000001
253,311,2019-04-25 00:00:00,3,,,4.0,258.0,49105.66500000001,584.5912500000001,7090.332,886.2915,4181.244000000001,696.8740000000001
254,400,2019-04-25 00:00:00,8,7.9,32.0,14.0,209.0,79207.023,942.94075,15150.547,1893.818375,7599.343999999999,1266.5573333333332
255,401,2019-04-25 00:00:00,8,,,12.0,161.0,79207.023,942.94075,15150.547,1893.818375,7599.343999999999,1266.5573333333332
256,402,2019-04-25 00:00:00,7,,,14.0,226.0,79207.023,942.94075,15150.547,1893.818375,7599.343999999999,1266.5573333333332
256,402,2019-04-25 00:00:00,8,8.0,31.0,12.0,214.0,79207.023,942.94075,15150.547,1893.818375,7599.343999999999,1266.5573333333332
257,403,2019-04-25 00:00:00,8,,,14.0,218.0,79207.023,942.94075,15150.547,1893.818375,7599.343999999999,1266.5573333333332
258,404,2019-04-25 00:00:00,8,,,14.0,218.0,79207.023,942.94075,15150.547,1893.818375,7599.343999999999,1266.5573333333332
259,405,2019-04-25 00:00:00,7,,,13.0,251.0,79207.023,942.94075,15150.547,1893.818375,7599.343999999999,1266.5573333333332
259,405,2019-04-25 00:00:00,8,7.8,33.0,12.0,229.0,79207.023,942.94075,15150.547,1893.818375,7599.343999999999,1266.5573333333332
260,406,2019-04-25 00:00:00,8,,,14.0,220.0,79207.023,942.94075,15150.547,1893.818375,7599.343999999999,1266.5573333333332
261,407,2019-04-25 00:00:00,8,,,12.0,212.0,79207.023,942.94075,15150.547,1893.818375,7599.343999999999,1266.5573333333332
262,408,2019-04-25 00:00:00,8,8.7,33.0,12.0,210.0,79207.023,942.94075,15150.547,1893.818375,7599.343999999999,1266.5573333333332
263,409,2019-04-25 00:00:00,9,,,12.0,208.0,79207.023,942.94075,15150.547,1893.818375,7599.343999999999,1266.5573333333332
264,410,2019-04-25 00:00:00,8,8.8,32.0,13.0,211.0,79207.023,942.94075,15150.547,1893.818375,7599.343999999999,1266.5573333333332
265,411,2019-04-25 00:00:00,8,,,14.0,218.0,79207.023,942.94075,15150.547,1893.818375,7599.343999999999,1266.5573333333332
266,500,2019-04-25 00:00:00,4,,,4.0,392.0,83092.89900000002,989.2011785714288,12289.480999999998,1536.1851249999997,6521.304,1086.884
267,501,2019-04-25 00:00:00,3,4.3,61.0,6.0,695.0,83092.89900000002,989.2011785714288,12289.480999999998,1536.1851249999997,6521.304,1086.884
268,502,2019-04-25 00:00:00,3,,,6.0,669.0,83092.89900000002,989.2011785714288,12289.480999999998,1536.1851249999997,6521.304,1086.884
269,503,2019-04-25 00:00:00,4,3.9,56.0,4.0,548.0,83092.89900000002,989.2011785714288,12289.480999999998,1536.1851249999997,6521.304,1086.884
270,504,2019-04-25 00:00:00,4,4.4,50.0,4.0,457.0,83092.89900000002,989.2011785714288,12289.480999999998,1536.1851249999997,6521.304,1086.884
271,505,2019-04-25 00:00:00,4,,,6.0,543.0,83092.89900000002,989.2011785714288,12289.480999999998,1536.1851249999997,6521.304,1086.884
272,506,2019-04-25 00:00:00,4,5.0,52.0,6.0,525.0,83092.89900000002,989.2011785714288,12289.480999999998,1536.1851249999997,6521.304,1086.884
273,507,2019-04-25 00:00:00,4,,,4.0,354.0,83092.89900000002,989.2011785714288,12289.480999999998,1536.1851249999997,6521.304,1086.884
274,508,2019-04-25 00:00:00,4,3.8,38.0,6.0,484.0,83092.89900000002,989.2011785714288,12289.480999999998,1536.1851249999997,6521.304,1086.884
275,509,2019-04-25 00:00:00,4,,,3.0,252.0,83092.89900000002,989.2011785714288,12289.480999999998,1536.1851249999997,6521.304,1086.884
276,510,2019-04-25 00:00:00,3,,,6.0,448.0,83092.89900000002,989.2011785714288,12289.480999999998,1536.1851249999997,6521.304,1086.884
276,510,2019-04-25 00:00:00,4,4.2,55.0,4.0,406.0,83092.89900000002,989.2011785714288,12289.480999999998,1536.1851249999997,6521.304,1086.884
277,511,2019-04-25 00:00:00,4,,,5.0,425.0,83092.89900000002,989.2011785714288,12289.480999999998,1536.1851249999997,6521.304,1086.884
278,600,2019-04-25 00:00:00,7,6.7,47.0,7.0,305.0,81524.428,970.5289047619048,16080.970000000001,2010.1212500000001,9471.96,1578.6599999999999
279,601,2019-04-25 00:00:00,6,,,7.0,344.0,81524.428,970.5289047619048,16080.970000000001,2010.1212500000001,9471.96,1578.6599999999999
280,602,2019-04-25 00:00:00,7,6.7,43.0,6.0,292.0,81524.428,970.5289047619048,16080.970000000001,2010.1212500000001,9471.96,1578.6599999999999
281,603,2019-04-25 00:00:00,7,,,8.0,327.0,81524.428,970.5289047619048,16080.970000000001,2010.1212500000001,9471.96,1578.6599999999999
282,604,2019-04-25 00:00:00,7,5.9,44.0,8.0,259.0,81524.428,970.5289047619048,16080.970000000001,2010.1212500000001,9471.96,1578.6599999999999
283,605,2019-04-25 00:00:00,6,,,8.0,292.0,81524.428,970.5289047619048,16080.970000000001,2010.1212500000001,9471.96,1578.6599999999999
284,606,2019-04-25 00:00:00,7,6.4,45.0,8.0,297.0,62484.47799999999,762.0058292682926,9385.771,1173.221375,5770.000999999999,961.6668333333332
289,611,2019-04-25 00:00:00,6,6.7,,8.0,330.0,62484.47799999999,762.0058292682926,9385.771,1173.221375,5770.000999999999,961.6668333333332
291,301,2019-05-02 00:00:00,5,3.7,,5.0,550.0,75943.41600000001,853.2968089887642,7166.2570000000005,1194.3761666666667,0,0
294,304,2019-05-02 00:00:00,6,4.0,,6.0,709.0,75943.41600000001,853.2968089887642,7166.2570000000005,1194.3761666666667,0,0
295,305,2019-05-02 00:00:00,4,3.7,67.0,6.0,576.0,75943.41600000001,853.2968089887642,7166.2570000000005,1194.3761666666667,0,0
296,306,2019-05-02 00:00:00,5,,,3.0,206.0,52716.17100000002,592.3165280898878,4181.244000000001,696.8740000000001,0,0
297,307,2019-05-02 00:00:00,5,3.8,,5.0,448.0,52716.17100000002,592.3165280898878,4181.244000000001,696.8740000000001,0,0
298,308,2019-05-02 00:00:00,5,,,6.0,528.0,52716.17100000002,592.3165280898878,4181.244000000001,696.8740000000001,0,0
299,309,2019-05-02 00:00:00,4,,,6.0,981.0,52716.17100000002,592.3165280898878,4181.244000000001,696.8740000000001,0,0
300,310,2019-05-02 00:00:00,4,,,4.0,269.0,52716.17100000002,592.3165280898878,4181.244000000001,696.8740000000001,0,0
301,311,2019-05-02 00:00:00,5,3.9,,3.0,269.0,52716.17100000002,592.3165280898878,4181.244000000001,696.8740000000001,0,0
302,400,2019-05-02 00:00:00,9,8.0,,13.0,217.0,85833.0,964.4157303370787,7599.343999999999,1266.5573333333332,0,0
302,400,2019-05-02 00:00:00,10,,,13.0,189.0,85833.0,964.4157303370787,7599.343999999999,1266.5573333333332,0,0
302,400,2019-05-02 00:00:00,11,,,9.0,158.0,85833.0,964.4157303370787,7599.343999999999,1266.5573333333332,0,0
303,401,2019-05-02 00:00:00,9,,,13.0,169.0,85833.0,964.4157303370787,7599.343999999999,1266.5573333333332,0,0
304,402,2019-05-02 00:00:00,9,,,14.0,213.0,85833.0,964.4157303370787,7599.343999999999,1266.5573333333332,0,0
304,402,2019-05-02 00:00:00,10,,,9.0,153.0,85833.0,964.4157303370787,7599.343999999999,1266.5573333333332,0,0
305,403,2019-05-02 00:00:00,9,,,14.0,232.0,85833.0,964.4157303370787,7599.343999999999,1266.5573333333332,0,0
305,403,2019-05-02 00:00:00,10,,,12.0,188.0,85833.0,964.4157303370787,7599.343999999999,1266.5573333333332,0,0
305,403,2019-05-02 00:00:00,11,,,9.0,193.0,85833.0,964.4157303370787,7599.343999999999,1266.5573333333332,0,0
306,404,2019-05-02 00:00:00,9,8.7,,13.0,204.0,85833.0,964.4157303370787,7599.343999999999,1266.5573333333332,0,0
306,404,2019-05-02 00:00:00,10,,,12.0,173.0,85833.0,964.4157303370787,7599.343999999999,1266.5573333333332,0,0
307,405,2019-05-02 00:00:00,9,8.0,,13.0,217.0,85833.0,964.4157303370787,7599.343999999999,1266.5573333333332,0,0
307,405,2019-05-02 00:00:00,10,,,11.0,189.0,85833.0,964.4157303370787,7599.343999999999,1266.5573333333332,0,0
308,406,2019-05-02 00:00:00,9,,,14.0,248.0,85833.0,964.4157303370787,7599.343999999999,1266.5573333333332,0,0
308,406,2019-05-02 00:00:00,10,,,12.0,216.0,85833.0,964.4157303370787,7599.343999999999,1266.5573333333332,0,0
309,407,2019-05-02 00:00:00,9,,,14.0,270.0,85833.0,964.4157303370787,7599.343999999999,1266.5573333333332,0,0
309,407,2019-05-02 00:00:00,10,,,13.0,214.0,85833.0,964.4157303370787,7599.343999999999,1266.5573333333332,0,0
310,408,2019-05-02 00:00:00,9,,,13.0,229.0,85833.0,964.4157303370787,7599.343999999999,1266.5573333333332,0,0
310,408,2019-05-02 00:00:00,10,,,10.0,224.0,85833.0,964.4157303370787,7599.343999999999,1266.5573333333332,0,0
311,409,2019-05-02 00:00:00,10,,,13.0,238.0,85833.0,964.4157303370787,7599.343999999999,1266.5573333333332,0,0
311,409,2019-05-02 00:00:00,11,,,8.0,200.0,85833.0,964.4157303370787,7599.343999999999,1266.5573333333332,0,0
312,410,2019-05-02 00:00:00,9,10.1,,13.0,216.0,85833.0,964.4157303370787,7599.343999999999,1266.5573333333332,0,0
312,410,2019-05-02 00:00:00,10,,,10.0,211.0,85833.0,964.4157303370787,7599.343999999999,1266.5573333333332,0,0
313,411,2019-05-02 00:00:00,9,11.1,,14.0,226.0,85833.0,964.4157303370787,7599.343999999999,1266.5573333333332,0,0
313,411,2019-05-02 00:00:00,10,,,12.0,205.0,85833.0,964.4157303370787,7599.343999999999,1266.5573333333332,0,0
315,501,2019-05-02 00:00:00,4,,,4.0,445.0,88765.992,997.3706966292135,6521.304,1086.884,0,0
316,502,2019-05-02 00:00:00,4,7.4,48.0,4.0,339.0,88765.992,997.3706966292135,6521.304,1086.884,0,0
317,503,2019-05-02 00:00:00,5,,,2.0,184.0,88765.992,997.3706966292135,6521.304,1086.884,0,0
319,505,2019-05-02 00:00:00,5,7.0,,3.0,303.0,88765.992,997.3706966292135,6521.304,1086.884,0,0
321,507,2019-05-02 00:00:00,5,6.0,,3.0,239.0,88765.992,997.3706966292135,6521.304,1086.884,0,0
324,510,2019-05-02 00:00:00,5,5.7,,3.0,197.0,88765.992,997.3706966292135,6521.304,1086.884,0,0
326,600,2019-05-02 00:00:00,8,,,8.0,338.0,89662.25799999999,1007.4411011235953,9471.96,1578.6599999999999,0,0
327,601,2019-05-02 00:00:00,8,,,8.0,340.0,89662.25799999999,1007.4411011235953,9471.96,1578.6599999999999,0,0
328,602,2019-05-02 00:00:00,8,,,8.0,338.0,89662.25799999999,1007.4411011235953,9471.96,1578.6599999999999,0,0
328,602,2019-05-02 00:00:00,9,,,6.0,362.0,89662.25799999999,1007.4411011235953,9471.96,1578.6599999999999,0,0
329,603,2019-05-02 00:00:00,8,,,8.0,341.0,89662.25799999999,1007.4411011235953,9471.96,1578.6599999999999,0,0
330,604,2019-05-02 00:00:00,8,8.2,45.0,8.0,341.0,89662.25799999999,1007.4411011235953,9471.96,1578.6599999999999,0,0
330,604,2019-05-02 00:00:00,9,,,7.0,327.0,89662.25799999999,1007.4411011235953,9471.96,1578.6599999999999,0,0
331,605,2019-05-02 00:00:00,7,8.3,41.0,8.0,272.0,89662.25799999999,1007.4411011235953,9471.96,1578.6599999999999,0,0
331,605,2019-05-02 00:00:00,8,,,8.0,286.0,89662.25799999999,1007.4411011235953,9471.96,1578.6599999999999,0,0
332,606,2019-05-02 00:00:00,7,10.2,42.0,8.0,294.0,67484.33799999999,775.6820459770114,5770.000999999999,961.6668333333332,0,0
332,606,2019-05-02 00:00:00,8,,,8.0,323.0,67484.33799999999,775.6820459770114,5770.000999999999,961.6668333333332,0,0
333,607,2019-05-02 00:00:00,8,,,8.0,325.0,67484.33799999999,775.6820459770114,5770.000999999999,961.6668333333332,0,0
333,607,2019-05-02 00:00:00,9,,,8.0,346.0,67484.33799999999,775.6820459770114,5770.000999999999,961.6668333333332,0,0
334,608,2019-05-02 00:00:00,7,,,8.0,265.0,67484.33799999999,775.6820459770114,5770.000999999999,961.6668333333332,0,0
334,608,2019-05-02 00:00:00,8,,,6.0,279.0,67484.33799999999,775.6820459770114,5770.000999999999,961.6668333333332,0,0
335,609,2019-05-02 00:00:00,7,,,8.0,319.0,67484.33799999999,775.6820459770114,5770.000999999999,961.6668333333332,0,0
335,609,2019-05-02 00:00:00,8,,,7.0,326.0,67484.33799999999,775.6820459770114,5770.000999999999,961.6668333333332,0,0
336,610,2019-05-02 00:00:00,7,11.5,43.0,8.0,358.0,67484.33799999999,775.6820459770114,5770.000999999999,961.6668333333332,0,0
336,610,2019-05-02 00:00:00,8,,,8.0,358.0,67484.33799999999,775.6820459770114,5770.000999999999,961.6668333333332,0,0
337,611,2019-05-02 00:00:00,7,10.8,43.0,8.0,302.0,67484.33799999999,775.6820459770114,5770.000999999999,961.6668333333332,0,0
337,611,2019-05-02 00:00:00,8,,,8.0,327.0,67484.33799999999,775.6820459770114,5770.000999999999,961.6668333333332,0,0
351,401,2019-05-09 00:00:00,10,9.0,32.0,13.0,124.0,85833.0,964.4157303370787,0,0,0,0
356,406,2019-05-09 00:00:00,11,7.9,34.0,10.0,157.0,85833.0,964.4157303370787,0,0,0,0
357,407,2019-05-09 00:00:00,11,7.3,32.0,8.0,101.0,85833.0,964.4157303370787,0,0,0,0
360,410,2019-05-09 00:00:00,10,7.8,32.0,10.0,152.0,85833.0,964.4157303370787,0,0,0,0
361,411,2019-05-09 00:00:00,11,7.9,33.0,11.0,212.0,85833.0,964.4157303370787,0,0,0,0
362,500,2019-05-09 00:00:00,5,4.3,,5.0,496.0,88765.992,997.3706966292135,0,0,0,0
363,501,2019-05-09 00:00:00,7,3.8,41.0,5.0,347.0,88765.992,997.3706966292135,0,0,0,0
366,504,2019-05-09 00:00:00,5,,,2.0,228.0,88765.992,997.3706966292135,0,0,0,0
366,504,2019-05-09 00:00:00,6,4.4,,2.0,277.0,88765.992,997.3706966292135,0,0,0,0
367,505,2019-05-09 00:00:00,6,,,4.0,499.0,88765.992,997.3706966292135,0,0,0,0
370,508,2019-05-09 00:00:00,5,3.8,,4.0,368.0,88765.992,997.3706966292135,0,0,0,0
370,508,2019-05-09 00:00:00,6,4.6,,4.0,437.0,88765.992,997.3706966292135,0,0,0,0
371,509,2019-05-09 00:00:00,5,4.2,,5.0,517.0,88765.992,997.3706966292135,0,0,0,0
374,600,2019-05-09 00:00:00,9,9.6,,8.0,405.0,89662.25799999999,1007.4411011235953,0,0,0,0
375,601,2019-05-09 00:00:00,9,,,7.0,349.0,89662.25799999999,1007.4411011235953,0,0,0,0
377,603,2019-05-09 00:00:00,9,6.3,,8.0,364.0,89662.25799999999,1007.4411011235953,0,0,0,0
379,605,2019-05-09 00:00:00,9,6.0,,7.0,264.0,89662.25799999999,1007.4411011235953,0,0,0,0
380,606,2019-05-09 00:00:00,9,,,7.0,370.0,67484.33799999999,775.6820459770114,0,0,0,0
383,609,2019-05-09 00:00:00,9,,,7.0,331.0,67484.33799999999,775.6820459770114,0,0,0,0
384,610,2019-05-09 00:00:00,9,6.7,,8.0,415.0,67484.33799999999,775.6820459770114,0,0,0,0
385,611,2019-05-09 00:00:00,9,6.0,,8.0,383.0,67484.33799999999,775.6820459770114,0,0,0,0
